{"assets/icons/Documents.svg":["assets/icons/Documents.svg"],"assets/icons/Search.svg":["assets/icons/Search.svg"],"assets/icons/drop_box.svg":["assets/icons/drop_box.svg"],"assets/icons/folder.svg":["assets/icons/folder.svg"],"assets/icons/logo.svg":["assets/icons/logo.svg"],"assets/icons/media.svg":["assets/icons/media.svg"],"assets/icons/menu_dashbord.svg":["assets/icons/menu_dashbord.svg"],"assets/icons/menu_doc.svg":["assets/icons/menu_doc.svg"],"assets/icons/menu_notification.svg":["assets/icons/menu_notification.svg"],"assets/icons/menu_profile.svg":["assets/icons/menu_profile.svg"],"assets/icons/menu_setting.svg":["assets/icons/menu_setting.svg"],"assets/icons/menu_store.svg":["assets/icons/menu_store.svg"],"assets/icons/menu_task.svg":["assets/icons/menu_task.svg"],"assets/icons/menu_tran.svg":["assets/icons/menu_tran.svg"],"assets/icons/unknown.svg":["assets/icons/unknown.svg"],"assets/images/logo.png":["assets/images/logo.png"],"packages/cupertino_icons/assets/CupertinoIcons.ttf":["packages/cupertino_icons/assets/CupertinoIcons.ttf"],"packages/flutter_inappwebview/assets/t_rex_runner/t-rex.css":["packages/flutter_inappwebview/assets/t_rex_runner/t-rex.css"],"packages/flutter_inappwebview/assets/t_rex_runner/t-rex.html":["packages/flutter_inappwebview/assets/t_rex_runner/t-rex.html"],"packages/youtube_player_flutter/assets/speedometer.webp":["packages/youtube_player_flutter/assets/speedometer.webp"]}